,filename,code,x_from,y_from,width,height
0,images/c234c76c-d72d-4d60-8066-e99f62361c1c--ru.a6a77966-14c1-49d8-bdd3-c9cbf12ae35d.jpg,4810153026194,210,542,279,143
1,images/0b56af7e-386c-410a-8f46-74350f755d77--ru.4c7208d1-cba4-4539-967d-1c87ad0f6d2e.jpg,8714100708408,216,474,409,308
2,images/77c7bd8d-bb64-4c4b-94c5-798a903eaa4d--ru.12f5929c-9d0e-49e5-9300-4aa2bd63bc51.jpg,4820240030508,173,657,589,293
3,images/5d60b81b-e31d-4530-bed1-27a8872d1f02--ru.53fed99f-fe97-435b-a4d4-57f1ed6d9f21.jpg,4607001770350,66,665,549,176
4,images/bb225480-a447-4232-85ab-ce22f1dec070--ru.09dd5220-73bc-4ca1-b42e-b6003ee8b311.jpg,4605035006964,269,592,448,247
5,images/6e042372-20ec-4a26-8340-3653cf0c681d--ru.407738ff-e321-4f6c-8a9d-d9c146d3d801.jpg,4690363095759,23,849,230,125
6,images/709c106e-41f8-4266-b22d-bcd8841a6aaf--ru.2da223e1-b4e2-4b5e-b38b-9abb2b7ebd61.jpg,4690326198893,169,164,522,166
7,images/3ffa7796-cc4b-4c00-9941-4c88464ac6ed--ru.97512ecb-b3e9-4fa8-b40b-8cc4f2bd7528.jpg,4606203103423,536,1875,1628,819
8,images/2502fbe4-a8f9-40c5-a502-3e15d2942e47--ru.a671844b-c029-4903-b4e1-d07141c5c577.jpg,7622201105716,301,445,513,345
9,images/48f946b1-7eef-4f59-8bd6-d39d48ea5eb2--ru.a6eb0b7e-85d5-42e7-9569-170a19ecff1e.jpg,4600433600615,252,266,534,318
10,images/ec62a12b-6b8f-4752-95a5-1befc9766a0f--ru.f839a614-5710-46b8-9be7-5311f3af1992.jpg,4670007360047,840,626,1955,1011
11,images/636f3011-ee46-4e5a-a86b-85e954b325b5--ru.fe802834-eca5-46b5-a009-0de7a6b30d96.jpg,4605496020035,200,255,518,340
12,images/90243654-a547-4fb0-bb8f-aa2d2b440a39--ru.af26012d-e018-4cd2-b926-ff9f951b7593.jpg,4600288020477,337,672,452,217
13,images/4edcaf5f-f7a8-41ab-9cf3-1ca8582e0f47--ru.10740536-06ff-4486-a124-b42a3cf3d81b.jpg,4630038960890,357,655,503,287
14,images/26ed90e2-9a8c-448f-a274-d93987c09757--ru.6cb4596a-2469-469e-a64e-5089bec9163a.jpg,4607051154063,354,614,464,177
15,images/d24a008b-f36e-4410-a58c-220144820192--ru.452ca2da-832a-459d-aaf8-8539306084a0.jpg,4620015853864,460,804,412,185
16,images/076870e1-2e05-40e5-a106-de2a4ea9077b--ru.30d3c8e3-f945-452d-8783-8505a6eb0a0e.jpg,4606088002286,74,1776,1222,401
17,images/8c2ddc37-abb2-410a-9b34-78f7b94666bd--ru.23e0d7c7-05e4-4045-ad3d-f5350492f11f.jpg,4604248000844,265,945,364,236
18,images/fe3cd088-6311-423c-9207-c438c51aa4f6--ru.c5197f00-662f-401e-8271-4418f70dcb52.jpg,4607003246273,316,1175,256,140
19,images/5f625b96-67ae-4000-9d1c-840f720e2897--ru.c5374577-05a3-457f-8c58-b5258c23e959.jpg,4630007400419,1107,784,1796,904
20,images/dd09fd7c-3cfa-4848-9508-f8ebbfde5ba4--ru.5a47f4b5-25e7-4010-8cc9-30c34fccdb71.jpg,4680295072904,108,1021,282,128
21,images/77c7bd8d-bb64-4c4b-94c5-798a903eaa4d--ru.12f5929c-9d0e-49e5-9300-4aa2bd63bc51.jpg,4820240030508,173,657,589,293
22,images/84d82001-d612-4f61-8097-9ef6a68850c7--ru.564c52cb-4b06-452f-9261-1bdfdd5e7cd6.jpg,4605246010651,172,1078,718,390
23,images/92cdb08d-25ab-489f-ace4-68e11958d93b--ru.19fc5d60-ba81-49ef-b740-d78531814115.jpg,4601669000675,141,429,627,280
24,images/b10353bc-dae8-4d42-a6cc-94283b40a3b7--ru.24544306-09e5-4e21-a408-e7c3510448fc.jpg,4602481104473,228,725,477,334
25,images/9f1aed2e-c1ea-4efa-9f7c-167317294762--ru.2e41472c-cced-439c-80ea-800183c6a23c.jpg,4603933007458,144,688,357,152
26,images/b3fdc9d8-73c0-403d-b131-6806899bf1f0--ru.bf5e5c7e-8255-4b5c-9554-f89d54092323.jpg,4606949066204,70,951,648,272
27,images/ddaeb3d0-5e34-44bb-afae-ff94a161e90f--ru.06c5c745-3173-47eb-8e3c-568dfd520ebb.jpg,4751008082548,259,416,507,146
28,images/e691c8b4-d555-48d8-aaea-988beda82196--ru.4a267680-e47e-4485-988a-321cdc1b873e.jpg,8594739227040,783,1037,1442,794
29,images/0d5785e8-556b-4188-b069-5b02a8f110b0--ru.4e9f684e-e918-4960-aa95-df3583e53b5f.jpg,4605362006217,492,2243,1124,416
30,images/ff74e444-8bcc-46b2-b137-8c4064766028--ru.c2da344f-29b3-4b44-858c-ee6a730a4e64.jpg,4605246015489,224,119,390,206
31,images/79e4257c-49d5-46e1-8b8b-72755209792f--ru.036db7d8-e87e-41e4-a71d-30cf8c73264c.jpg,4860102580369,253,309,412,273
32,images/28cd7993-cf01-46a8-8460-d921db840454--ru.f3399317-0b95-4e7c-8f2c-019f157c3f0f.jpg,4820088550077,138,711,735,363
33,images/56ec454c-78db-49e4-946d-a1ab8bb65574--ru.d3a706a8-9162-4881-a737-f699218f7cf7.jpg,4620015850252,232,877,660,280
34,images/788fb7f3-e813-4754-874f-3cc6eb19113d--ru.265581a1-33c3-486e-b9e8-0fc5d4818e42.jpg,4607012296658,322,632,344,145
35,images/6203be59-fb5c-4167-8dd6-99cbb1981a66--ru.7a7d5749-0281-4b2a-9bf0-d49a7c481f85.jpg,4606272035465,568,453,291,164
36,images/f2d6aba7-3326-48a5-aa00-932ac2028a56--ru.21f66294-bfe8-452d-8dfc-b002b5225e94.jpg,4607051158269,122,620,851,395
37,images/93675816-2c92-4c02-bfdd-ea8b4620e1bb--ru.49e1771b-fca2-46a2-8808-c3f1e5bf36ef.jpg,4607001770138,153,413,528,259
38,images/61f400e4-5f7e-4906-bef4-6b4d53b78965--ru.be2dba31-a08c-4fb7-9313-a054a2f882ab.jpg,4607045852562,354,533,347,177
39,images/5f625b96-67ae-4000-9d1c-840f720e2897--ru.c5374577-05a3-457f-8c58-b5258c23e959.jpg,4630007400419,1107,784,1796,904
40,images/6759f170-9d2c-440a-9202-70dd46668b49--ru.9e61a98d-97cc-4981-8fca-7ba7206bc70e.jpg,3582910075004,258,688,708,453
41,images/e691c8b4-d555-48d8-aaea-988beda82196--ru.968ea4c4-214f-4e51-885e-608c5f0f6733.jpg,8594749227040,717,1095,1204,695
42,images/55463dcd-2988-4d5f-82f0-ea25bb46e8b9--ru.b39a77f5-76be-4d4f-af10-aadf45b3b03a.jpg,2000004484316,139,564,624,325
43,images/922f98fe-b9cc-48d5-9152-9abe25d44e81--ru.608f951d-2a90-4a55-bb1b-1e558a349330.jpg,4601313011149,282,718,587,228
44,images/bab68e4e-9473-42fb-9a24-59e6fd3c1b1b--ru.ff9e8d76-6895-4d59-9e14-8bd8c84bd470.jpg,4600680008684,299,651,272,130
45,images/d05d50c0-0c19-4ca4-88ff-6f7058318a7f--ru.fb097934-ebc8-4b94-be1c-e3720092b0d6.jpg,4602009309403,516,694,325,156
46,images/cd373038-fad7-4f66-9c3b-9e156412dcfe--ru.b7312fea-1c77-4302-80d7-bd6c0fb8fe34.jpg,4607042438998,120,534,809,359
47,images/de42cb7e-e3d4-4442-bd0e-f9d2f604d010--ru.713ce406-032d-4d9d-95a4-37b37886f83d.jpg,2000098982422,47,720,759,368
48,images/b142bff8-e694-46e3-a78d-925ed52b887c--ru.b919ccfb-a336-48c6-98d2-8b7115cfa795.jpg,4630031860968,51,494,901,475
49,images/16846873-aa0b-4743-80f9-f6263937d9d2--ru.927394f8-ee23-4963-b3d0-5d04e1126998.jpg,4610007391108,246,953,476,235
50,images/910be86f-5974-4da9-8c9c-1078687a746b--ru.3a955e1c-3a08-4c1c-be57-322575d27d87.jpg,5060639125425,207,538,510,351
51,images/5f625b96-67ae-4000-9d1c-840f720e2897--ru.c5374577-05a3-457f-8c58-b5258c23e959.jpg,4630007400419,1107,784,1796,904
52,images/5193859d-d0ad-4058-aa08-4ad5fb0b238a--ru.dcf1e9ff-a490-4769-be96-4fe2c184e12c.jpg,4607004890147,1509,1325,967,503
53,images/9dc6e4cc-1ae6-4403-9223-8be4e45e006e--ru.58f6eabb-8998-4c89-bdcf-b5f4743f7c51.jpg,4600209014042,621,953,224,158
54,images/93cda132-8b66-476a-a112-8acf47658fee--ru.c9cabec9-8436-4b5c-9d1d-a00905371a3d.jpg,4600712008125,200,474,531,292
55,images/3352e625-e175-4e1e-b7f3-e3eb48a22248--ru.535ac9a5-c752-41b2-a7cb-17c381570fea.jpg,4612742720045,187,648,550,205
56,images/db634ae3-dd75-49a7-b23b-c4c213309a3b--ru.6fcb6f2d-08db-4470-8732-ef3938c1e266.jpg,4607810141860,386,942,517,200
57,images/a66f361d-1e84-4f65-992a-4636e3b4ef9a--ru.c1328ca2-08a4-4c51-9251-4ae0a172b9d0.jpg,6921000381002,230,784,496,173
58,images/131628b3-41e9-4b51-a5fb-9b126b22a454--ru.8725857f-c24b-4bfd-b889-12b280c76748.jpg,7622100929369,173,584,628,187
59,images/59a588c0-6fbf-4790-ab82-8651d3d0f50f--ru.0ac57072-217f-457c-b247-4083fcdb29dc.jpg,4067005091642,387,1004,344,150
60,images/c16bbc1f-329e-4dc8-a7cf-bd4feb4e0d81--ru.bdd0ffd7-8f01-4265-b996-e2264735be45.jpg,4606484006857,79,721,800,308
61,images/0a0de03b-710c-40e4-8f0e-5fa0ee9ef0a5--ru.b7135dcc-0514-43de-a53d-87f41aae71e4.jpg,5053990125050,203,572,514,367
62,images/af464982-dc36-4ef1-89b8-9f899c26bd98--ru.05dda538-814b-423f-a33a-75c000046f47.jpg,4607003248062,306,1170,233,154
63,images/de621d54-ce08-4e02-b538-4a715e0e43ed--ru.4ab0b259-f8f1-4796-b0a0-abc76ec3e0df.jpg,4607131045298,6,222,958,584
64,images/e8dde2d0-f29e-4771-b93c-3bcc535d7e59--ru.aea29d06-259c-48b9-ac58-4dca25786e0e.jpg,4607005091659,1593,1406,1068,373
65,images/6759f170-9d2c-440a-9202-70dd46668b49--ru.6f9dae72-c379-42f2-a020-1791c90c0437.jpg,4607032905738,227,598,598,325
66,images/35019e8a-6a4c-463d-8a42-2b0631133bdc--ru.982ad218-0498-4416-9cf2-7f09ca97d0c2.jpg,8033123220170,275,592,373,166
67,images/120cc5be-59e5-47d6-93b9-952de7d87540--ru.86cae5c0-e67f-4579-b3a8-333fa68db067.jpg,4600680010526,266,679,316,210
68,images/f1f950b5-be18-4335-8dc6-6bea7445062b--ru.1502c7bf-6de8-42f1-9f47-90987bad4911.jpg,4605246016202,235,142,522,280
69,images/5fe5f3e5-f999-4e7b-bba6-d18864972ee7--ru.6a82c612-cb89-4cd9-82a3-e873944ae629.jpg,8714100763759,302,631,475,322
70,images/1a4e301e-9801-4545-96ef-f3597ca5ca09--ru.1cbae1d5-87a8-4d5b-90e3-87b8f72838b1.jpg,4603566931953,514,978,312,114
71,images/6f59ac7b-ec87-48ef-8e53-c8324ae0afdd--ru.2f01e1ac-6ec5-45dc-a418-691087f00c25.jpg,4015600949785,395,777,447,387
72,images/0efaf7e3-cc52-4292-a1b6-592f35bad6fb--ru.5756cd29-23e6-440c-ac05-f7982b62d5b6.jpg,4607091483291,716,311,204,343
73,images/6f8eeeda-3403-4c81-b37d-f9bbfada0e65--ru.21344efc-b08b-40ea-8a1c-ee975c5ef4a4.jpg,5029053547640,361,363,467,338
74,images/637d670d-29c9-4e16-83a0-364d48e83e65--ru.80103201-7442-4e55-8be0-74f4d5065865.jpg,4607115980430,1100,1757,1010,412
75,images/cc6f89b8-edb4-4aa8-b2b0-cda54befc00c--ru.f0db284c-a453-4553-b500-3d7a2463f59d.jpg,5449000022172,475,315,319,218
76,images/540e86b0-0b42-4073-9183-d07b9cc40b1e--ru.096446bb-13a0-4874-998f-71189777175d.jpg,4602701303259,124,569,555,284
77,images/dc2bf5e5-f997-4002-9a7b-cce12587e9eb--ru.fd95e362-87da-46f9-96d8-b6f6c49ac8c1.jpg,8718868256065,312,799,419,245
78,images/80569159-620f-4f67-b736-841c5a6f3249--ru.4ca6f07f-13db-4732-b4f5-112d38e0bfe1.jpg,4610013935280,385,404,627,331
79,images/56ef4803-4430-49b8-9173-d4698169b95d--ru.47ea0b18-fa48-48b7-84c5-e33546b1d3f5.jpg,4640189911288,475,385,415,293
80,images/f6e4cbb3-53c3-44ca-a52b-862d7d91991d--ru.b849da49-ffc1-42f8-b34e-dbb9035a6897.jpg,4610032370154,528,530,326,183
81,images/fe2886d7-955c-4909-a61e-6e388a379b71--ru.ed56e791-b8db-4589-94e6-1e7c43bd60b7.jpg,4607038301381,249,220,458,355
82,images/5a71f3c4-ab19-4a78-939b-d4c7522d96ad--ru.8c807fc5-6dcc-4681-a855-0623d19b7a00.jpg,4660019421669,259,523,498,423
83,images/27c31a86-1baa-467c-ac06-eb379773740c--ru.89f56794-3d4a-42bb-9733-8b1f60bf770b.jpg,4607065580193,348,1142,275,126
84,images/1ae4229b-9c97-47e9-813a-eb7e9af76904--ru.8983542f-e8be-4ece-94da-dded895d5398.jpg,4610030020419,174,629,543,312
85,images/65e90d1e-1166-4277-8c49-3b993316860f--ru.0327be8a-e8a9-4423-b693-d65c54be33c8.jpg,7613036044509,138,233,750,567
86,images/e3277f8c-36c4-4784-8919-7349ddbd243d--ru.e4b5ab53-915f-449b-acc4-eebeb26e212c.jpg,4660019534604,245,531,475,261
87,images/e691c8b4-d555-48d8-aaea-988beda82196--ru.d418165e-61e2-40b2-85f7-c97c597fe7e8.jpg,8594739227040,909,1281,1072,602
88,images/59e4643b-0840-4248-b50e-f23342e36a1e--ru.65d4576c-4fbe-4612-b678-0544696fb98c.jpg,4600697122090,258,691,402,200
89,images/5193859d-d0ad-4058-aa08-4ad5fb0b238a--ru.dcf1e9ff-a490-4769-be96-4fe2c184e12c.jpg,4607004890147,1509,1325,967,503
90,images/67c49161-584c-4355-b885-4c4f748234d2--ru.de000ead-d47f-4969-b040-4fdc357be09d.jpg,4607177761978,583,304,348,332
91,images/40bcda7f-8775-4ce1-9a24-ee5b719edc2e--ru.5f5a0c34-d25b-4427-93d6-91164ecbad03.jpg,46225573,426,358,306,176
92,images/77c7bd8d-bb64-4c4b-94c5-798a903eaa4d--ru.12f5929c-9d0e-49e5-9300-4aa2bd63bc51.jpg,4820240030508,173,657,589,293
93,images/a6c544bd-fa0a-4039-b36f-af5be20726bb--ru.12a5c2bc-1399-43eb-b0ed-29f5785dc92e.jpg,4607084351385,277,588,435,243
94,images/77252d88-2d4f-4741-a507-1aee82b4ca53--ru.9ebb3de8-8c88-4e43-9157-0cce279f91f2.jpg,4601921426748,414,862,285,120
95,images/f8a23b9f-26b3-4be4-a324-342b2b1aba5f--ru.223b81eb-1250-4f79-b7ad-b1b1f59524d7.jpg,4607035285196,185,990,658,373
96,images/148dbf23-bff3-4d83-82f8-3e1f5ad2a4a6--ru.5d4bbf35-f465-45e6-aa14-8d09681f840b.jpg,4610007722728,225,484,427,163
97,images/f6e3e8cc-e5b9-4442-b6af-79e51f13c57e--ru.5f33b65f-cd85-4dfd-b927-0b5aa5d724e0.jpg,4605362007023,234,649,443,205
98,images/6f580a4a-c2a9-4bf7-afc1-6da92a06e6dd--ru.f5ffc34a-b5c0-41ca-a37e-aa78dde9fb69.jpg,4605246001970,211,698,496,204
99,images/540e86b0-0b42-4073-9183-d07b9cc40b1e--ru.096446bb-13a0-4874-998f-71189777175d.jpg,4602701303259,124,569,555,284
100,images/468376b5-89e0-4658-9471-c03f2cdf9cfc--ru.5cf83e98-8a44-48c6-b9a6-0c61409fdc1a.jpg,4607005091642,249,888,561,203
101,images/8133e655-5bde-4799-bc03-c18cf966dfd8--ru.b25694bf-46f7-4aeb-a29c-ab55f8bc2df8.jpg,4607063424024,785,1071,929,623
102,images/2ac091e7-e4fe-4715-88a8-b2e54c49d0ff--ru.540c3c80-1a19-4411-b51c-533d479a5e91.jpg,4601669007681,251,545,423,174
103,images/6636b7d2-25d9-47e7-a383-743e30c06df5--ru.d33e82c4-1732-4b2a-8ecb-6c0b1ed541da.jpg,4620017451204,303,611,382,237
104,images/4789a846-37f7-4cf5-8e89-0f2f77c3462e--ru.7c64a59b-7072-45d3-8ddb-23a2954b6b19.jpg,4607014780551,986,1766,1000,601
105,images/87c2053b-3ffb-40af-b2ad-b4e27dba9b16--ru.c11701a1-965d-4606-bc7c-83af7ea1ef2b.jpg,4690388050474,252,320,2080,1528
106,images/9246b587-6113-4964-9084-c5a3f381d25a--ru.df948eb7-51cd-4a90-8b8e-3b7677dabff3.jpg,4251321400055,161,541,602,409
107,images/875c09ab-580d-4d16-b5d8-553574a55b5d--ru.e662cbfb-9774-4775-a336-2218c4f9bef2.jpg,4605246001970,414,547,564,200
108,images/08c1a35c-6d78-4884-bcdf-40a943666a73--ru.af2d688a-7722-49f3-9fc5-a2601e7a4235.jpg,4620754103367,391,2119,1080,604
109,images/18aac3cf-1bdc-42b4-af6a-a02bdf1423cd--ru.01d6afae-b6d2-4352-8b8b-7b499044c551.jpg,3574661171883,191,523,545,276
110,images/f34f1edc-c644-4acb-8a5f-d484fd0a1ad4--ru.be6a6249-6988-4f1e-a283-03fcd88752f0.jpg,4640017013318,185,328,568,228
111,images/dfbadbb2-ac0a-4d8b-a20c-e5a651a66586--ru.14230567-1ba8-4104-a345-2d4b0c2ceed0.jpg,4607151982733,152,600,490,283
112,images/f94c95a4-283f-4370-a15b-ff126334f9e4--ru.54e471cc-2439-4cd0-9faf-5bde9d637747.jpg,4606782353745,145,587,625,290
113,images/666c56eb-f1ff-4ba1-91d2-beeb0190f4d6--ru.0c3d1ad9-eb89-4b88-be85-f1cb1f15ef64.jpg,4604049012374,239,433,467,190
114,images/8f614d39-91ee-413f-a2d5-00f511f096eb--ru.257d2978-1f35-477d-b3b9-baa584e4ec54.jpg,4607046123906,217,325,931,379
115,images/570b3459-9405-4998-8ad7-c9f0dec45693--ru.bb535c36-51d5-4469-b737-e41f0cdd525d.jpg,4607098450036,478,714,213,124
116,images/c3b25934-5b82-4cc4-a09a-039bfe3e3580--ru.0ffdadd3-b191-4472-ba9d-be7570ca0e61.jpg,4650065523264,333,916,303,182
117,images/aec70aa8-3e8a-4580-b9b7-0612038abd3f--ru.6d45c238-8c43-46b1-a315-1ec2fe047745.jpg,8809220805929,335,1182,522,258
118,images/5193859d-d0ad-4058-aa08-4ad5fb0b238a--ru.dcf1e9ff-a490-4769-be96-4fe2c184e12c.jpg,4607004890147,1509,1325,967,503
119,images/21ba3336-6541-43ad-b1a8-b9d37841cbfa--ru.e194bb5e-c6d8-4485-a9f9-429d2bc13c67.jpg,4600935300105,159,627,793,295
120,images/27446e09-8dbf-4e75-98aa-11947c982b9b--ru.0cec65fa-6baa-47ff-bab2-a88f5538e770.jpg,4607008160338,186,508,545,204
121,images/a3465a76-730b-407e-bc88-b74c8fb90f85--ru.fa766bd3-4af7-4a25-95b2-6f0884a997e9.jpg,4606272024056,224,574,495,215
122,images/4978570f-cc91-4478-bf8d-b27a0598d673--ru.9e5b0f32-5a41-40cb-b759-4bbaa5f4f9ee.jpg,4627152183250,376,891,564,190
123,images/26ed90e2-9a8c-448f-a274-d93987c09757--ru.992f5a3a-fc63-4a22-87fa-d9eae243f9b0.jpg,4607051154063,960,447,224,85
124,images/5f625b96-67ae-4000-9d1c-840f720e2897--ru.8a070a60-a96a-4dcb-b72f-577b978f31ce.jpg,4630007400419,928,964,2030,955
125,images/7a94d0e4-61d9-4a74-b7ad-6329fb34de8e--ru.f05b73dd-9d2f-4eff-83a3-b5b062eb7b4f.jpg,3014260240226,331,978,368,230
126,images/110ae7b6-f3af-4028-b6b1-2f6be09e79db--ru.5d959f77-7f44-46be-9ba8-ea2115dcba30.jpg,9785171132330,191,424,575,282
127,images/d35248ff-e06a-49e8-8bdf-604fa12ff3b5--ru.504671c3-ecd3-44d5-8143-5a57acd62d0b.jpg,4601669006110,350,495,420,156
128,images/4f9c5258-9795-47f2-baf7-c40801a8a129--ru.b02c44aa-da81-4fc9-9eb3-308460fab567.jpg,4600999025389,256,620,434,213
129,images/2b24b931-4f17-463d-b075-81ab0bee1d42--ru.93066063-74c1-421b-afd2-a7b55e0bf54e.jpg,4602121008444,64,608,410,253
130,images/59a588c0-6fbf-4790-ab82-8651d3d0f50f--ru.00233872-104a-4a0a-a3d6-8901b3115d5e.jpg,4607065580223,567,1057,295,140
131,images/0a0de03b-710c-40e4-8f0e-5fa0ee9ef0a5--ru.b7135dcc-0514-43de-a53d-87f41aae71e4.jpg,5053990125050,203,572,514,367
132,images/5f625b96-67ae-4000-9d1c-840f720e2897--ru.30adf60f-eeb3-4358-8dcb-99a7f7d45b2b.jpg,4630007400419,1088,704,1974,987
133,images/41d1664f-def5-4d63-bb56-63a6bb368b73--ru.e81a9d3d-3d6b-4369-9b07-5106f36b4a28.jpg,3276423013010,520,694,256,106
134,images/5f625b96-67ae-4000-9d1c-840f720e2897--ru.c5374577-05a3-457f-8c58-b5258c23e959.jpg,4630007400419,1107,784,1796,904
135,images/d937abc1-b3fb-4e25-b2b5-45227c226031--ru.695371d1-8051-4aa9-9703-cb142b7671f4.jpg,4627110630017,399,402,335,189
136,images/52d310ea-3bcc-47a0-9cb5-4b294054a7be--ru.5678e1a4-1367-44cb-b2d2-1bae7fbadbff.jpg,4600935010776,351,943,376,225
137,images/23ffa12c-6ab7-439d-a865-343730894eab--ru.86cae680-6cde-41cd-b3f5-bcf881109ae4.jpg,5900516690915,337,497,483,236
138,images/ac6cf003-ac9c-4817-915a-d9c6524c7cb4--ru.4fdcad48-20e9-4961-aa52-4bce3015c291.jpg,5449000098153,24,651,810,434
139,images/8e1649fd-f68c-436e-aaa9-b849aed55133--ru.b4941331-2de2-4e9f-b3b6-88990a9ab5f2.jpg,4606272032914,178,509,581,369
140,images/bd314894-7d05-49bf-8e77-97b875c5b2af--ru.d3c1e506-e7d6-4250-8964-8e497a64a5fb.jpg,4620016307601,853,243,277,147
141,images/8f5aba92-5577-4345-96f5-57e5bc84e124--ru.b724a261-2625-4848-82e7-391bcece865c.jpg,4810285012256,297,809,462,229
142,images/25a674bc-935d-4f1a-8071-ac86d1bb64cc--ru.2b0fe83c-fb06-4ad3-b368-b0b7956b75f3.jpg,4606272009671,72,314,752,414
143,images/9c930745-480b-46e3-b533-8d348831b447--ru.2376671d-bc79-4c6e-84e2-8ac52c586261.jpg,4604075024495,430,1006,353,261
144,images/46605374-8308-43c7-a779-0481317ad47c--ru.9d0d81cd-a7f8-4921-8ae7-c38ec473cc3a.jpg,4603023067232,333,645,235,114
145,images/a5112199-02a8-4685-a325-704eb7126f55--ru.b1f73de1-4774-4591-8303-c50428ea535e.jpg,4607971450979,188,608,215,98
146,images/8ca911e0-fe2c-4cb7-a429-26d8ed13700d--ru.bfc786f6-0f49-4e73-8f1b-c769f45e6ed6.jpg,4620018872398,145,709,585,213
147,images/b1abf356-58a9-4d35-9a3e-683fc33e321c--ru.0c12871d-9f1a-44bf-b404-de21d5e52c88.jpg,4607092076409,236,759,416,189
148,images/6ebb3269-e75e-498f-94e8-51b4345a777c--ru.f22d47f9-992f-479f-908e-9b94ac8e5bdf.jpg,4602957001268,1617,868,1451,417
149,images/77c7bd8d-bb64-4c4b-94c5-798a903eaa4d--ru.12f5929c-9d0e-49e5-9300-4aa2bd63bc51.jpg,4820240030508,173,657,589,293
150,images/9185f86c-3aee-43f6-a758-febdbd9281c5--ru.86a9b5f5-fff1-4b3b-bdb2-5c6f1153ed7b.jpg,4005900830845,306,183,630,347
151,images/6eb76672-e020-47aa-b1ba-05c3fb0e715c--ru.3ce7d8de-6472-4c16-8d79-0ddc88a2bc4a.jpg,4600702098211,157,383,573,343
152,images/23d255ba-4c2a-421c-af49-71581d809fb8--ru.82fb3884-8970-46d7-acf5-44aa7bc0b720.jpg,4606068026776,447,402,610,344
153,images/d7a6f9cb-52c9-469a-a6f3-fc92899e0072--ru.0af14d21-aee7-4213-93dd-303b52c40edc.jpg,3600542388139,375,938,339,138
154,images/93f48869-9fc3-484b-8c9a-0a0f2f2a54b3--ru.e9072bcb-a760-4f20-9bf8-45b2d9ffb814.jpg,4690471220562,62,791,327,194
155,images/a8d3db12-369d-40fb-970f-8c2084e48218--ru.6924cc6f-5d5c-42b6-83f8-58441a46d816.jpg,8710447454008,308,429,273,154
156,images/135d059a-5fb2-4f67-9559-9026218e9fe9--ru.0b9e3c5b-c363-4002-92d5-73fa5401e890.jpg,4607124893677,288,574,218,128
157,images/e2dff324-fc4c-4ced-bef3-2f3d135a4d66--ru.e072c43c-c2f2-426f-9ca0-455bade998fc.jpg,9000100980654,135,390,432,322
158,images/35f6ceb6-3319-44c2-a040-9442ca399205--ru.2e543ca5-58ff-4ba5-ba72-4c71135db6de.jpg,4602920005491,723,402,776,419
159,images/4e7f3c42-99f5-43e6-bab1-8b6e5fc657c3--ru.e6f23fca-d1da-4ce7-88cb-c833fcb0fb14.jpg,4607086566558,251,562,491,197
160,images/ccdb87d9-2b80-45ec-96c2-32f66fe734ed--ru.60f6ddb0-0cad-4e5a-b0d1-3e160882cdf3.jpg,4650070510907,204,751,490,220
161,images/09c4aef7-de37-45d9-8ccf-3be4a4409953--ru.f8b7d94c-b600-4f02-bf94-410861132882.jpg,4640005701470,163,529,443,213
162,images/8f8c1727-5595-4cdb-b799-25a810746b85--ru.9abae00f-db06-42cb-9f94-ca2709f2083c.jpg,4680211144548,385,862,429,160
163,images/e97ed90b-6c78-43ee-9d63-e145f65c1eb7--ru.e809dd6f-cd63-472d-8ba2-951a2f46b7fa.jpg,4607010731205,322,619,458,219
164,images/f13d648f-d3c6-4360-9b86-d07af95af701--ru.38fb9827-c192-489c-be5e-f3bd8f3efa3a.jpg,4600999030857,275,786,504,209
165,images/40f24c5d-17c5-402a-b2da-4a5abeb12965--ru.24cf4215-4c65-45ff-aeba-2442b24cd24e.jpg,4820135582570,255,416,413,178
166,images/540e86b0-0b42-4073-9183-d07b9cc40b1e--ru.096446bb-13a0-4874-998f-71189777175d.jpg,4602701303259,124,569,555,284
167,images/1cf4cf1a-f49e-4090-9c6d-d2116b3ed386--ru.21d4998a-eb24-4f71-9bef-1bea3d4edf6a.jpg,4820176893086,123,666,669,304
168,images/d8c69b88-8adf-4a62-b65f-b25da5e80c2d--ru.3fa01631-1a87-4754-a12f-a778ea1a84fa.jpg,4607154696682,506,859,183,102
169,images/edaab163-7aff-4c3b-b051-362e963ae9a4--ru.c61c142b-094f-46dd-a520-b6f91e4e58bc.jpg,4670025860277,318,789,416,169
170,images/4cd9ef8b-6581-4f08-bd3f-7cd7cedce13e--ru.2e7dfe5e-0133-4bdb-a811-66cce3da4f2c.jpg,7622201138127,465,649,434,255
171,images/5423eb16-945b-433b-9668-ff6b1727b8aa--ru.a73d075e-544f-4b2f-8218-cf28f3d59dd5.jpg,4013054004654,275,664,442,171
172,images/4540d2b2-5bef-4f45-a827-014f4c8f2df2--ru.d040d52b-c14d-4813-9d6f-3f7bda1bd7b1.jpg,4660105670131,318,712,386,154
173,images/49e72b24-d106-496f-82e4-e3c3441e89e0--ru.b53ccdc1-a710-4412-8e53-8cef3c095468.jpg,9785506057420,395,879,432,165
174,images/f20615b8-4568-4d46-ad83-28815da20b59--ru.d6c9148e-d893-496c-991f-4878985e6794.jpg,4650001796653,274,530,396,167
175,images/1964ffb0-6b6b-4e60-abb9-167b26bd5c6d--ru.64f715d4-2dd6-4f92-a676-263665e01e70.jpg,4607072710101,200,728,648,505
176,images/5f625b96-67ae-4000-9d1c-840f720e2897--ru.c5374577-05a3-457f-8c58-b5258c23e959.jpg,4630007400419,1107,784,1796,904
177,images/6c7d0eaf-6484-4529-a250-939f576b2e3b--ru.f9738ecc-f985-4c25-a7d6-ca3a087ab630.jpg,7613035812475,242,579,597,485
178,images/e97ed90b-6c78-43ee-9d63-e145f65c1eb7--ru.e809dd6f-cd63-472d-8ba2-951a2f46b7fa.jpg,4607010731205,322,619,458,219
179,images/96e54099-14c1-496c-8a94-c619196a927c--ru.9399c4b5-966b-4345-8df9-9d5ecac81835.jpg,4610006740013,173,942,641,320
180,images/83e63f27-b540-433e-8969-da31616deea0--ru.8adf5d09-c98c-4617-aae2-0bf975ae8ad1.jpg,8901148246591,325,583,428,139
181,images/0f61e632-59a2-4bc8-9119-24178ca64752--ru.8487fa87-b8cd-4def-9e54-5cf42bc4148e.jpg,4600286109112,95,508,663,271
182,images/4b09d606-8d34-4da1-a7eb-799d3c74e3e0--ru.5114487a-9efd-4731-9c24-da81dfc71002.jpg,4603566931953,609,1002,225,83
183,images/c049ef47-fcf4-4b03-9a5a-27024f2cdd7c--ru.6ea8457d-838d-4eb5-a129-d772a5572e23.jpg,4000508040306,162,704,599,379
184,images/0694f9ce-5416-4be8-b68f-6797b33672a5--ru.ba4abc7e-fb6c-435a-8f11-c3b93e468978.jpg,4631136249917,289,393,459,276
185,images/9b302737-a109-464a-b122-2cbb8e3a21d2--ru.da03f9c2-d847-403a-acbc-872c6a824d9a.jpg,8714100782910,1026,1861,2908,1730
186,images/4620083f-8c7f-436a-8182-6181062e0260--ru.bb9e9abd-0be1-40b5-9289-ddcac7bb8030.jpg,4823015928345,325,588,244,107
187,images/08fb775c-1553-4dbe-9d57-3739e58278d8--ru.16e5f570-5ef0-4354-ac80-51f4de9734fe.jpg,4607011143519,371,770,344,140
188,images/70583cfe-a250-4341-9a01-d0383c5d9806--ru.70c0d47f-7213-4291-b768-2f21713022af.jpg,4381021005387,372,673,307,189
189,images/2727dd62-e101-4492-9879-690c731aad9f--ru.85c98aec-151d-4a5f-85c7-86443aba9577.jpg,4607084352542,873,2105,1845,825
190,images/552b5bc2-3044-4c10-8312-4d884e6daed6--ru.bd739d13-3cc0-4c8a-8f71-ac9e466522cc.jpg,3607345693149,310,336,480,202
191,images/6759f170-9d2c-440a-9202-70dd46668b49--ru.4b4f1bab-cd3b-4820-a0c0-bc64dabcca2e.jpg,4606486014744,326,666,424,253
192,images/366ea7d1-037e-46f3-a298-eb01bc8750b9--ru.89ee94d3-de5a-4da0-8f4a-225ef12af2e7.jpg,4631152606862,126,750,407,238
193,images/dd690770-73e0-41e0-bc74-87fc937c8e5f--ru.790971c2-81f3-44b1-867f-dbcfb5e156c5.jpg,4620001500338,303,634,411,270
194,images/4a8d968f-68b5-41b5-986e-7011af1170d1--ru.acb65758-2995-4c01-a07b-6fab6063dc2b.jpg,4607035890024,168,840,430,223
195,images/58e16d97-4f37-4461-ae03-b7c13fba851b--ru.8de8cf33-9a93-45e4-a903-0fb6c882c1a5.jpg,2010001032557,340,610,447,260
196,images/fd36ebbb-c51c-4755-90d4-fa871d30b9d8--ru.9be4b485-6065-4633-bbf2-cafd2a1b527d.jpg,548810165060,103,773,411,131
197,images/9888d58c-a4c0-4024-a6ac-bd445709d709--ru.5e929d36-0d17-4f2b-97b9-3ef1f69e80d9.jpg,4606720008454,231,591,548,403
198,images/0726a7da-dba9-4bf4-9bbb-d91458da26ca--ru.e0c914c3-475e-4d27-bc7f-395433660050.jpg,4640001890031,211,686,534,275
199,images/2d3601d0-b3f1-4580-b1e3-899a0df7d796--ru.79bfe362-dc95-49a2-b0ef-472b76b27d32.jpg,4810183014000,227,640,478,262
200,images/5193859d-d0ad-4058-aa08-4ad5fb0b238a--ru.dcf1e9ff-a490-4769-be96-4fe2c184e12c.jpg,4607004890147,1509,1325,967,503
201,images/486056ab-2b6c-42dc-80b5-ac5fd11f187b--ru.d5358146-d97c-4957-8ae8-2e081c9a6876.jpg,8714100852002,82,1211,370,166
202,images/a4f6df3b-8cb4-429c-87ef-65de4666e7f1--ru.8276720b-c579-4b0f-bc43-53b379c54efc.jpg,4651111951222,244,595,419,252
203,images/366ea7d1-037e-46f3-a298-eb01bc8750b9--ru.89ee94d3-de5a-4da0-8f4a-225ef12af2e7.jpg,4631152606862,126,750,407,238
204,images/07231acb-e3d9-41b8-ae7b-65a04229fd7e--ru.79629b3b-9fa6-40e6-a88f-8db57e2f8233.jpg,4820080851103,22,174,900,471
205,images/e0e73a48-2833-419a-8f9b-cbe59ffa5874--ru.0984a4d1-e60b-4c24-979e-a13bec9d4e42.jpg,4607001770350,194,780,531,195
206,images/74df687d-ded6-417a-97ec-c4501d41a726--ru.7bc93c55-5daa-41ca-8972-f18db1be2616.jpg,6251595710049,119,435,634,451
207,images/de826eca-094d-4664-8204-7d7747304a2b--ru.d7bbc047-0657-41aa-86a0-3e1aff7431ed.jpg,4630038000121,2064,1004,2779,1540
208,images/28638595-71b1-4a3f-ac63-7bfab2f9885e--ru.334eec5c-b056-4b00-9a49-60444132e2d0.jpg,4601687000015,265,517,504,293
209,images/3f6b2b5d-1ac5-48bd-a01a-9c89e2596547--ru.939059e3-6a45-4765-96d7-6cd7d6a726ef.jpg,5944702206931,271,621,489,230
210,images/5f625b96-67ae-4000-9d1c-840f720e2897--ru.c5374577-05a3-457f-8c58-b5258c23e959.jpg,4630007400419,1107,784,1796,904
211,images/3d1c5c67-f786-4864-b331-bde3fe5f58b8--ru.ffdd8b7a-32f9-4b9f-ab7b-a5fa2b5e1914.jpg,4601687000015,480,842,341,168
212,images/758e22fa-7bc0-4d31-8c2b-19dd8173d2dc--ru.463e87bd-8bdf-4369-8afa-475a1c2d6459.jpg,7613031381029,284,568,395,202
213,images/9753f0b8-5d08-4612-b245-bec011bd32ae--ru.50a8c875-9381-4cc3-99b2-4dbaf89763b3.jpg,4605422013766,270,548,590,236
214,images/c7fe98c8-7270-4c57-893f-7eb690b9c854--ru.22703532-912f-461a-bd3d-bd279e4416ea.jpg,4602009336287,580,724,356,220
215,images/3a83373a-f943-48c0-b331-a9ed5fae3f2a--ru.35f654fd-6247-4bac-8ba1-93e98f8c9449.jpg,4603290004817,734,349,482,197
216,images/3a45d9ed-6369-42da-96f4-01a2462295bc--ru.b59e36dc-46b7-441c-9f4a-82ac06b73842.jpg,4620004792105,378,870,333,151
217,images/7dc6fbb0-7ec2-4965-9503-77881d0e98b4--ru.d59edecf-1d18-4ffc-a9c3-60a829e01499.jpg,4600288020477,185,881,580,311
218,images/82700028-ea8c-481e-bec1-73462213696b--ru.8c4baf40-a7eb-4084-999d-c94747f624aa.jpg,4650075424476,140,218,592,356
219,images/58494e6d-fc82-4a32-aa33-0c14fa0562d3--ru.6ed014f0-811a-4686-b710-bce52791e777.jpg,4810151022013,188,496,484,277
220,images/e97ed90b-6c78-43ee-9d63-e145f65c1eb7--ru.e809dd6f-cd63-472d-8ba2-951a2f46b7fa.jpg,4607010731205,322,619,458,219
221,images/aefae2f8-afa4-4bfd-b509-97c7f99aa22d--ru.3f83b35d-6dee-4d54-818c-cdb9b1d55741.jpg,4810113011413,179,387,529,379
222,images/94036109-463f-47b0-b303-8d0cfab5455d--ru.8565746c-eb34-4370-8e59-b346f7f419b0.jpg,4601653026988,585,611,282,121
223,images/c0130886-cb26-4a61-9628-66d62893a166--ru.11bd0510-4987-41b7-8e8c-3ab84b95b47f.jpg,4620000432203,339,640,383,226
224,images/c0568db4-0ac3-4435-93cf-0587541a30e8--ru.9870885d-cd14-47af-902d-34de8936f096.jpg,4607005091659,1114,2818,690,248
225,images/3e3a3faf-35d8-462b-b6af-fad5bfcd7fd3--ru.e7e93bb2-385d-4d8b-a987-4d406a1e7038.jpg,4600689605051,207,587,569,356
226,images/2449d95d-97fb-454b-94b8-8473fa1c36c3--ru.eefd9c5d-ee15-43e2-9f4d-aa7630cb8994.jpg,4650065524506,258,621,529,266
227,images/9fe88765-fa3d-4b03-8aa0-d9542cc50f2f--ru.e79863d7-5105-4a4b-8760-1ada1ee48394.jpg,4607063130666,102,906,268,84
228,images/fe54fc6e-a82c-4fbf-aeb2-711ef7b446f1--ru.14406d16-149b-4f1a-bf7e-431a56301147.jpg,4607027800048,234,163,523,130
229,images/3fd3988e-354c-4add-bae1-5f2b78a75bf5--ru.615de20c-02d6-4a32-8203-27c71231d390.jpg,4603566931953,441,1049,314,116
230,images/1db75230-04de-4bca-8e0e-1db552c5f683--ru.71979769-7e30-450a-a5dd-1801abfa8e69.jpg,4600338001623,325,283,735,298
231,images/666727cf-c309-46ea-86d5-98b87429f635--ru.df9165c3-880a-4578-a764-1b8c59b3ac3b.jpg,6917790013193,42,1073,757,434
232,images/65be8e7b-72dd-4f83-a43a-b96daad97f3f--ru.655c86d0-8557-431b-ad29-abc637e9b19f.jpg,4609104715054,375,757,197,103
233,images/e97ed90b-6c78-43ee-9d63-e145f65c1eb7--ru.e809dd6f-cd63-472d-8ba2-951a2f46b7fa.jpg,4607010731205,322,619,458,219
234,images/dea95de8-ec35-48db-aedb-c282e94ca0ef--ru.a178f2b5-e9b3-48ac-809e-6a05c3854718.jpg,4084500940383,243,506,353,129
235,images/6ad85dcc-ac9d-4b96-a625-f533d51ad821--ru.360b34c1-dc2b-4e9f-820f-6d844cd4b508.jpg,4604094034512,274,680,409,228
236,images/79e4257c-49d5-46e1-8b8b-72755209792f--ru.036db7d8-e87e-41e4-a71d-30cf8c73264c.jpg,4860102580369,253,309,412,273
237,images/3ee3febf-bc91-471f-ae87-772c67d8ea65--ru.4fbe8e12-06c3-4d63-acd2-6a12a6f05de8.jpg,4690626060838,379,1040,415,115
238,images/82bd2ef5-e579-4115-985f-4630b6bf5ed6--ru.b41bafc1-27e6-41e2-9c98-a89cf6669054.jpg,8699540110076,161,491,640,266
239,images/ff8c167e-0909-48a3-9a17-419d75109699--ru.1e9c4d27-04a7-4869-913b-e659f86949c6.jpg,4670017924529,595,307,381,161
240,images/808401ba-00f1-4f5f-b439-843e073cb0c6--ru.d44510d9-4b43-4bd7-a70e-8f403f74ec9f.jpg,9785811276301,78,473,296,148
241,images/a5b9d488-17ad-438c-b6f2-3368af635b11--ru.01f5f178-4781-44e5-bf3d-47c38ab3a94c.jpg,4601674033545,213,594,386,173
242,images/400374f9-2999-42a5-8d49-f70b89002b41--ru.f905ce68-db08-46e1-87b0-6918da860a3f.jpg,4712826232928,329,1211,625,202
243,images/5f9a6f39-4a64-4bcd-a55a-f159fedf47ca--ru.3000505e-7424-47eb-8edd-e94c9c9ac2a3.jpg,4660011278599,533,465,323,185
244,images/69502f61-1ca5-4305-b29c-5ff5422c9a61--ru.25d7828e-4022-43ed-82ef-a86f8dd74260.jpg,7680500099006,192,628,630,226
245,images/6b6aa4f4-e4e5-4c12-b4f4-61121e67405e--ru.9de3f02c-9929-446c-ae7d-44a7aa1b724a.jpg,5903060016729,69,457,806,582
246,images/cadd62f3-4370-406b-8f73-e89848fbca86--ru.bf21cd2c-164a-4627-b44b-905398a6583a.jpg,3600541410053,211,677,464,348
247,images/e8053a47-6b7a-43e3-b475-d6f535af7f0e--ru.5a6af4bf-c55c-41c0-929a-e492927961be.jpg,4601342003627,376,836,398,277
248,images/6c83add0-8b4a-4e3b-8357-62a7834b8939--ru.ffa5b2bc-9881-4e50-a9c9-6c22b055eca0.jpg,4605490000453,429,947,290,131
249,images/743bf8d9-be4b-48e8-aa41-0b57bdd5e394--ru.6600abf5-494d-4ad8-bd97-28ff45aee848.jpg,4250266218916,178,528,548,366
250,images/0014c021-b5ec-40e1-86d9-8eb1e06da178--ru.fedd3d10-c498-455b-82d9-fe303c304d2f.jpg,7622210453853,124,1075,855,346
251,images/c9ffc301-76cc-4713-8c37-ca3c90bb89c5--ru.fb940454-6152-46e7-ac6f-8d1986698b2b.jpg,4630009189695,180,734,466,170
252,images/e67b26e4-e084-43e8-ae08-a3a80b1e3287--ru.cd052a7e-dde3-4c4d-ae9d-4a8a40d779f6.jpg,4032489019569,624,801,320,124
253,images/46cec4e8-2bd2-4d5d-bce5-0495f60b462e--ru.1a29a95a-92dc-423b-8447-7bb91d29169f.jpg,5391534240310,295,356,861,334
254,images/08a26850-af8c-43f7-a331-524abe74cc48--ru.8398028c-626a-464d-91c3-c07067829499.jpg,4606038067754,147,825,707,333
255,images/bb225480-a447-4232-85ab-ce22f1dec070--ru.09dd5220-73bc-4ca1-b42e-b6003ee8b311.jpg,4605035006964,269,592,448,247
256,images/015a42c2-bf4d-4c0c-a91f-f1c9b2f0daa5--ru.a7c1ab67-1360-4b38-adbc-b57efae78716.jpg,4005900172112,286,680,417,303
257,images/000e5549-1ed8-4a1a-b303-fc1aed948864--ru.d4fc32d7-12d0-40fc-a8c7-80c11e9ca143.jpg,4607023704821,154,448,601,234
258,images/9f4bb066-c9a5-48d4-a95c-4f3d07d6ab8e--ru.6ce3d23a-dcee-488e-9620-6dd1b9a5780a.jpg,4607053473544,164,413,258,217
259,images/b5c078fc-9657-4420-bbd6-91b3f2e4336a--ru.a5e2bc42-c6a2-4b0f-b8ae-4a3ea7ef7924.jpg,4607001770350,162,673,401,134
260,images/1c4a0a7b-f61b-40be-9670-aef37655a5ef--ru.aac33c83-4637-41ad-97c1-d1b32462e9a6.jpg,4607120852555,137,894,554,275
261,images/2c40ce43-45d6-459d-94b6-b288b8da713b--ru.82f9197f-ce51-4e66-b9be-af8d41c793ea.jpg,4605422013766,122,325,759,324
262,images/80ab085f-ac69-47ce-8fa1-107b4ed0185a--ru.9e12b64e-dfc9-429d-9538-acf4ca94bff6.jpg,4600874002597,604,946,262,169
263,images/0fa79872-6f0b-4eeb-bddc-3a2291a96a4b--ru.c1ba6b5d-e583-4612-8ca5-f97eb88050a6.jpg,4610144802055,250,794,457,305
264,images/c43e4e24-dbec-4c6b-bcb3-c6c14e8af4b0--ru.8def611b-43ab-4254-a6d3-24d2927e7728.jpg,4607071773442,299,844,496,218
265,images/2c7eaef3-a462-40e8-9270-7edaa32f4f67--ru.c67368cf-e479-411a-b457-11f7ae7493cd.jpg,2999200002342,143,412,442,372
266,images/37a5d5c3-b5a0-457f-954d-1fcff5b977de--ru.b9ca1b28-2ccd-458d-b0de-5cdb7ae977ef.jpg,4600699514817,203,560,436,207
267,images/587ad0a0-a1d5-427a-9bee-73a709288ae0--ru.c22d649b-47a2-438e-8efa-818d70f6d339.jpg,3838957079490,336,258,528,321
268,images/bb225480-a447-4232-85ab-ce22f1dec070--ru.09dd5220-73bc-4ca1-b42e-b6003ee8b311.jpg,4605035006964,269,592,448,247
269,images/f6e4cbb3-53c3-44ca-a52b-862d7d91991d--ru.b849da49-ffc1-42f8-b34e-dbb9035a6897.jpg,4610032370154,528,530,326,183
270,images/dc9226c4-660a-4a02-a7c4-2fc1508549a4--ru.bc86f448-ec0d-4d86-a5e6-862b800f44c6.jpg,4600999045677,270,592,565,320
271,images/eb400363-7274-46af-b37b-58f227d20f4b--ru.2e78e052-db0f-4452-8f3f-25b41925812a.jpg,4690388052256,226,612,528,495
272,images/83f43e88-df4d-4ce5-a901-1dbbe0e2aba1--ru.b05fe251-b9f2-4edb-8325-adb543059974.jpg,4601674008864,120,389,448,471
273,images/4b5fe8de-f14d-4f12-b116-4f570d18eac9--ru.46fff651-fb0d-4104-b73e-516de1ab05e6.jpg,5997001381632,1563,1978,1020,328
274,images/aa1c4f84-d15a-47db-b0e6-bb334e19dba1--ru.0fefdce4-d578-4957-8661-7327b1600860.jpg,6938712098111,38,67,911,362
275,images/ee66bb36-351d-490f-bfce-ba7d3e240d08--ru.18b06c8c-efe5-4c5e-beac-3e58678b1c70.jpg,4606038065309,99,710,704,314
276,images/8015bd0f-da4e-45c3-8524-7f4c27f070da--ru.4ce71924-0455-4010-8392-69bc3fdda0a1.jpg,4605142037400,210,546,502,262
277,images/4fa8289f-585d-4912-b30b-661ce53b7a60--ru.47f82834-e9cb-4f1c-a65a-05b9aad38b50.jpg,4607084352788,307,456,372,142
278,images/3c784e12-e586-4085-884a-c482e0a6521d--ru.35bcac0d-5de7-4191-804e-f3e783ebeb85.jpg,7930053080441,246,664,486,207
279,images/5826de99-66a4-460a-ac40-d62a2d3c16ed--ru.1add271f-a527-4928-b39e-6e6dda1ab449.jpg,6251595710049,239,512,546,403
280,images/07bc80c7-fb90-470f-af94-6485f5ea6a05--ru.5f4488d0-aba6-4473-8d6c-9add930bd063.jpg,4678599720294,136,475,725,556
281,images/8a250212-daed-4230-b374-903327a4adc4--ru.d11e5297-f1f0-493e-843e-cd360c6aaf82.jpg,4690550002263,341,484,500,261
282,images/e97ed90b-6c78-43ee-9d63-e145f65c1eb7--ru.e809dd6f-cd63-472d-8ba2-951a2f46b7fa.jpg,4607010731205,322,619,458,219
283,images/6c4b9e0f-48f9-4adf-8629-8c200608e720--ru.5ef669d2-8183-4ccc-bbda-8d60a3c832ba.jpg,4002442803566,666,408,313,136
284,images/1d76e233-f69c-478a-8664-a60f98c3c8c8--ru.fb4bad82-df8a-4319-9bcd-15a3aac190e2.jpg,7622201771059,226,402,618,346
285,images/4e8d7767-2e12-4d9a-ac60-84b94f1458e3--ru.a01ac30d-27e6-425e-b162-14773d6cbc3c.jpg,4047024784734,276,957,390,193
286,images/bb2b0834-dd97-4bc3-80b6-9043b67b509a--ru.ea80d240-328d-4819-a5bb-3621424849af.jpg,4607073860119,199,814,322,162
287,images/92e1bace-4302-4612-a027-188d9f3aceb0--ru.d173f327-37e9-4f08-87e2-572d37ad68ae.jpg,4607015235357,701,569,242,179
288,images/76a1b4ac-9b47-4531-bf91-8ba02ad0859c--ru.9c290067-02c7-45ca-a88a-1656672e0337.jpg,4600433600325,64,635,492,280
289,images/77c7bd8d-bb64-4c4b-94c5-798a903eaa4d--ru.12f5929c-9d0e-49e5-9300-4aa2bd63bc51.jpg,4820240030508,173,657,589,293
290,images/a11f4704-63f8-42bf-874b-6e5dd4059a33--ru.98419637-f387-426d-a6dc-bdcd8aca762a.jpg,4607055072776,553,1914,796,499
291,images/59205bd8-6f43-419b-a88a-6d33e6adfc8f--ru.bc5b8e19-e6f3-4b89-ac12-ecef49232fc8.jpg,9001414018866,230,346,477,290
292,images/7b14d1b4-6035-44fe-8204-00b557b19791--ru.2f579d2c-cd88-4e33-ae86-1b1883eb7a81.jpg,4606224019390,306,802,387,160
293,images/39fa34dc-a07a-4a46-b768-c4267e115e03--ru.6956268a-5eb8-483f-bef1-b5ce7eca18c8.jpg,4607051050075,321,540,391,214
294,images/95062994-b8a6-4b21-8d7d-a20f356d6ac0--ru.b0b2a232-efb8-43c6-9182-b5da86abcae7.jpg,4601780000820,205,989,407,137
295,images/f6e4cbb3-53c3-44ca-a52b-862d7d91991d--ru.b849da49-ffc1-42f8-b34e-dbb9035a6897.jpg,4610032370154,528,530,326,183
296,images/6ae0c6cb-db7b-4554-b701-f23b47599a1d--ru.89090d45-9fbe-49b8-8d59-d5da68688264.jpg,2010002042234,376,857,313,170
297,images/4a4af57d-8d1e-4701-81f2-de6334812317--ru.ade76553-7528-4c8b-84c2-dc72717c7490.jpg,4600433600981,261,796,446,247
298,images/7a94d0e4-61d9-4a74-b7ad-6329fb34de8e--ru.b133ba94-b7ae-47d1-95a5-8bf536a76948.jpg,4607018298236,449,846,308,278
299,images/d1a9ba9d-0dbf-46ab-8637-37c007ad7dd2--ru.ba0b0b1b-e9f4-4a87-bf42-5ab4e280ee9f.jpg,4603725847606,829,2426,728,299
300,images/e97ed90b-6c78-43ee-9d63-e145f65c1eb7--ru.e809dd6f-cd63-472d-8ba2-951a2f46b7fa.jpg,4607010731205,322,619,458,219
301,images/b772c9a7-fa30-4c2b-b09a-4aa48ae9f0b1--ru.adaa4ef5-08d5-41d8-a81d-7c7893cff711.jpg,3086125705416,509,1012,297,205
302,images/1dadda45-4a6f-4b74-8f92-6b9425827372--ru.c6429b6a-a708-415f-b0d9-612fd74ad8dc.jpg,4605922001812,228,1054,439,215
303,images/ec6c23be-669f-403f-a250-f58a7632b495--ru.7f8f50ee-0f46-4b07-81b2-1f97d6579e8a.jpg,3600540794390,302,617,373,196
304,images/b3ceec73-c3ef-485d-9ca6-e6d239d3d5fb--ru.34f981a4-7f6d-406d-b1c3-27c8180969f9.jpg,4606711705270,115,525,576,210
305,images/16271945-be76-4168-8c10-5b6be3caa99b--ru.dc4126b9-a8f3-4be1-b697-caeb4f45bd55.jpg,4824593954153,171,1312,706,398
306,images/77c7bd8d-bb64-4c4b-94c5-798a903eaa4d--ru.12f5929c-9d0e-49e5-9300-4aa2bd63bc51.jpg,4820240030508,173,657,589,293
307,images/d2bf1064-0848-466f-8969-562647c86371--ru.1ced3c46-16e0-4927-903f-41d5173fdd85.jpg,4607071777877,105,370,706,283
308,images/000a8eff-08fb-4907-8b34-7a13ca7e37ea--ru.8e3b8a9a-9090-46ba-9c6c-36f5214c606d.jpg,4690228033629,167,582,457,191
309,images/21033f1f-326f-4543-a993-60a30079e2d5--ru.9f9d906b-9af4-46a4-9b80-097a97f065c3.jpg,2010002996414,83,1063,348,204
310,images/9a289361-ae81-44fb-ac3c-2ffa3537faf2--ru.31cee6cd-63dc-40ca-a84c-2d4253503fc7.jpg,4260709084619,750,3254,2891,1181
311,images/2d6cc7ce-7a0c-4310-847c-15959432ebb4--ru.68d789df-4910-417a-99d4-02451a6b307e.jpg,4605845011608,161,563,468,245
312,images/d5e89728-cff4-4a4d-a776-8a3a988a9b61--ru.b1e12c58-966f-4379-a22e-5419ce9652a6.jpg,7622201771140,404,683,370,240
313,images/b7e5f452-2f39-4275-a69f-4f952f5b62b7--ru.79fc1171-620b-4774-aaa5-29bd8fc7a50a.jpg,8886300970050,133,563,743,293
314,images/f7be4fea-8ac2-4b51-8a5b-1305594345ab--ru.3bc0c289-9c17-47ac-808a-c503a84103ee.jpg,4620006670227,101,789,264,163
315,images/2af63b10-13ce-4507-baae-dab198d108bb--ru.5a2a5ae8-a63d-4522-b3e9-e1d875b8981a.jpg,2010001231707,303,635,364,230
316,images/6226b9b8-dc3a-48b0-adac-e3a1388479ee--ru.92177e13-50cd-4411-aa87-34b5b9e93a16.jpg,4041485000938,451,506,248,94
317,images/97dcdacc-1701-43b6-886a-fa1fc6997071--ru.228d5895-fbd1-4ca5-981e-e1f0a90fe76f.jpg,4607074610843,359,837,361,202
318,images/2c7eaef3-a462-40e8-9270-7edaa32f4f67--ru.e94df2c5-0ca4-420b-8804-14e8d8decc00.jpg,2999200002342,156,482,561,410
319,images/46903bc1-e962-4af8-be4b-d2f341ea7404--ru.0d8d8f90-fd16-41c4-a7e6-de9624ce48fa.jpg,4640001381881,142,358,469,232
320,images/642b45ab-935c-4c10-bd84-7a25d2d495c2--ru.62e39bc6-707b-495e-a9a1-45a1bb1f326e.jpg,4680008148216,255,815,261,219
321,images/666c56eb-f1ff-4ba1-91d2-beeb0190f4d6--ru.0c3d1ad9-eb89-4b88-be85-f1cb1f15ef64.jpg,4604049012374,239,433,467,190
322,images/ddb6dd3a-f3a0-46ef-aead-1557a2591719--ru.e3dc65ab-430c-47c4-aec1-58519b7ecd0c.jpg,4813494048634,220,1001,571,189
323,images/1c92ab0b-ab48-47b3-bdcd-fcd82b52ea19--ru.5a3b4133-a3c9-401b-b913-616495ea7984.jpg,2005282881000,288,912,445,232
324,images/f155dcc8-153c-4ccb-afda-cc8ba5d4b2dd--ru.c2d60678-c9ab-4b12-8dbe-1e8022ca418c.jpg,4813910008396,354,494,232,162
325,images/7a5ef483-4556-42be-9a22-db4df0cfda99--ru.c9907faf-afe9-4a35-b971-6b5702b7b9ab.jpg,4612737550084,188,551,682,374
326,images/acb15232-8a81-47a6-9671-539b51dd030e--ru.e3607ee0-0c71-4f5e-8072-c04ad8783860.jpg,4605922006695,69,939,737,319
327,images/0a0de03b-710c-40e4-8f0e-5fa0ee9ef0a5--ru.b7135dcc-0514-43de-a53d-87f41aae71e4.jpg,5053990125050,203,572,514,367
328,images/37f29a0e-db28-4c62-bac1-f911e95de205--ru.fe1f7363-9f36-4aed-80ad-46572844d4ab.jpg,4606055005807,122,722,492,226
329,images/5df14d32-250e-4f11-b96d-6c3677ac27e0--ru.f9be462c-3afe-4c67-9395-7d2644e964c6.jpg,4605246002014,711,415,410,222
330,images/e67af742-54ad-4575-9a44-5a579201d818--ru.a8603ad4-6e47-4fc4-a32e-691e5fe2f9b4.jpg,4250266251920,341,589,389,250
331,images/47985880-8e73-420e-a1f4-834e654be3bc--ru.e8fc28c8-8fdf-4ba3-9644-2cc91b0c25c3.jpg,4607061492674,215,589,582,299
332,images/1be23e7e-a6bb-4a7a-aee2-d282496aeaf5--ru.41901245-e7b2-4137-b1e9-5bd4a4ee4a01.jpg,4607086563687,365,263,359,176
333,images/1984198d-88e5-427b-aa5f-9428b96f3d62--ru.c6cfe5b8-d072-43b0-8050-da19e302483a.jpg,4680211227448,372,1679,1483,500
334,images/57d59edc-2c2f-4b5b-a792-9c6ffbfb403d--ru.21d1c62f-5444-4f24-8900-87cb95b2b055.jpg,4605246007859,314,567,582,308
335,images/d8aae118-8196-4c22-af88-bd7d6a9e41fa--ru.6d77fd77-20a8-4b27-8fa0-2f232ab1548a.jpg,4600697192192,357,591,349,166
336,images/6759f170-9d2c-440a-9202-70dd46668b49--ru.73690c4c-a5fd-4d98-85d0-a92bc23f5efc.jpg,4053800081720,219,936,367,168
337,images/69d5d790-de13-421f-b48b-65cd8004a079--ru.2202f665-13b3-4e08-af7a-be267fef7f2a.jpg,4640030090822,257,648,410,140
338,images/7a36f986-ccb1-4e54-b2b8-e6dedbce00ab--ru.a1ef3c23-65eb-4405-ba73-6918a2d1cf8d.jpg,4620004792105,487,1656,1472,682
339,images/3486c376-6f97-4b99-8e41-3b433329996e--ru.ae9e8954-91ca-4fe2-acf5-3d5fd357d175.jpg,8717644585085,184,796,476,262
340,images/bb225480-a447-4232-85ab-ce22f1dec070--ru.09dd5220-73bc-4ca1-b42e-b6003ee8b311.jpg,4605035006964,269,592,448,247
341,images/000e5549-1ed8-4a1a-b303-fc1aed948864--ru.d4fc32d7-12d0-40fc-a8c7-80c11e9ca143.jpg,4607023704821,154,448,601,234
342,images/fd1ef122-3805-401c-bdd3-df04a35b2f64--ru.fda0c2ca-4c69-44c0-9749-25e433f62756.jpg,4381021005363,408,729,323,178
343,images/9dc6e4cc-1ae6-4403-9223-8be4e45e006e--ru.23cb5831-1874-4491-9a98-15e0f2da80b2.jpg,4600209014042,650,480,232,151
344,images/2cc58fd9-4855-4e58-be10-12340e9987d0--ru.6f9216f7-c380-4c96-8dd7-bcdd86416af9.jpg,4607003861576,200,584,563,268
345,images/6df7071a-349b-4cbb-8719-ecd16a2ab61a--ru.c7f9a91f-3c29-4746-acb0-e1b2144f85bb.jpg,4605922317241,350,459,415,225
346,images/1c64f496-92ff-4e07-aad9-ceee3506efe3--ru.5b96c812-bdbf-4b13-b225-9cae3d10dabd.jpg,4630009189756,220,615,470,147
347,images/f5808b9d-71f7-49ae-b378-6f220774befb--ru.4d5498cb-f03d-44a7-91a9-b8cd2a6ef232.jpg,5059018162441,314,611,384,175
348,images/540e86b0-0b42-4073-9183-d07b9cc40b1e--ru.096446bb-13a0-4874-998f-71189777175d.jpg,4602701303259,124,569,555,284
349,images/37add18b-a51b-4daa-9567-21063b08c53c--ru.73f16523-0c7c-4db7-9f49-1d0d16bcbcc4.jpg,5995327275147,456,701,310,131
350,images/f6e4cbb3-53c3-44ca-a52b-862d7d91991d--ru.b849da49-ffc1-42f8-b34e-dbb9035a6897.jpg,4610032370154,528,530,326,183
351,images/e8e97b02-82a0-4462-adb9-32a8c4151a87--ru.9959ccbe-37f9-4b67-b400-c6aa25ebce7c.jpg,2010001896913,479,333,360,229
352,images/ee19baeb-0e53-4dfe-b035-94bf8915fad5--ru.4b8b561a-fc3c-4574-bd57-1d2262b1f632.jpg,4670033320206,250,670,671,401
353,images/09f104a1-a72b-4d6b-9577-2606701cf472--ru.daff8794-5794-483f-9d94-9bb16608876a.jpg,4605246017162,223,749,449,259
354,images/06d000b0-d665-4982-8e6d-688121cd3a84--ru.53014580-5aca-4c5d-ab6f-128d449a0226.jpg,4607110700668,120,508,638,203
355,images/79ba2983-37cb-477d-83b1-476774466b33--ru.a1a88104-94a5-4631-96d1-1e501a28805e.jpg,4607069760737,317,592,378,196
356,images/70cecc32-b003-4ebd-8054-56b5e7af1b8c--ru.b8fee67e-261f-4475-ad0b-fd8147101d2a.jpg,4006894564501,54,2142,3067,2000
357,images/b3426db2-3799-419b-8745-27bc7b961dee--ru.e7476cad-7bf1-4b89-9c74-7591056c9004.jpg,4607001776468,270,257,464,321
358,images/3a83373a-f943-48c0-b331-a9ed5fae3f2a--ru.45badd90-af1c-4280-bbea-8d3c22c50e22.jpg,4604248000554,77,1014,589,301
359,images/7ceaa817-f954-4bbb-b03f-bba16ce388cb--ru.c143ea0c-7ea7-43dc-8223-3f5bcec6fbd5.jpg,4607065711764,907,1137,2197,1056
360,images/540e86b0-0b42-4073-9183-d07b9cc40b1e--ru.096446bb-13a0-4874-998f-71189777175d.jpg,4602701303259,124,569,555,284
361,images/666c56eb-f1ff-4ba1-91d2-beeb0190f4d6--ru.0c3d1ad9-eb89-4b88-be85-f1cb1f15ef64.jpg,4604049012375,239,433,467,190
362,images/a7d76fab-3a3a-443c-a7b7-d8cadd91b74b--ru.aec7d8b7-59d7-4f5e-9f1c-e6453c0231f8.jpg,4600690012179,323,131,366,239
363,images/12e202dd-0d52-4c48-af43-409d905ff0e4--ru.3370811d-3a90-499d-a1eb-ed8918127db0.jpg,4607001771555,584,525,764,331
364,images/73d42ec1-de4e-42a9-812f-9a4ff7612e10--ru.ef9e7af2-6b90-4e1e-8e87-b98cc7a13de0.jpg,4601238007722,145,755,775,279
365,images/6fa98293-24e3-44a9-bce3-aa8640fa7d4c--ru.6c6e33ae-b799-49fe-a736-874c959dc524.jpg,4650067827131,302,807,324,186
366,images/59da953e-bcde-410a-8558-44af1a599241--ru.ee8069ce-f6b4-4c29-abd0-ffe77d97047d.jpg,4605920000541,162,952,587,224
367,images/aa939537-80db-4436-9acc-8ef51df4cecb--ru.d91e8b66-b5df-40a4-9e95-8454c8b7f730.jpg,4603725472983,549,1000,205,132
368,images/5371df10-4579-486e-8ea8-0d840b5effe1--ru.7741f368-23cd-4d44-af1d-1e03c56e3abd.jpg,4606038067754,192,482,540,271
369,images/59a588c0-6fbf-4790-ab82-8651d3d0f50f--ru.46f27237-269b-43e4-af6d-6a87f877e650.jpg,4607051153202,287,385,156,399
370,images/2e119722-871f-448c-83c2-d0530ed50653--ru.95fd338e-990d-4a49-a971-4e56b587dd51.jpg,4250804843860,171,771,582,197
371,images/5e512140-dc1d-4d8a-bdfb-f29497f1909c--ru.f3e0616c-db1b-4740-8801-c2fae044dc5c.jpg,5011417563892,370,652,326,186
372,images/e2128466-ecc8-4e42-8d5b-482c2a5ca42c--ru.a7a30e1d-89b8-4a0a-817d-ba7e57b3b311.jpg,4810150010813,182,748,288,132
373,images/31bb23be-22d3-4dbe-8a9d-ab3616ccb61b--ru.7c835041-0872-46a4-b0d4-764d688da011.jpg,4680211119690,308,890,326,131
374,images/8867d8ae-ea97-42e1-a0d2-5982c09f4e13--ru.65b0f723-e868-4e40-9969-24c7656b17f1.jpg,4607072715168,140,594,623,419
375,images/686190eb-7708-490e-9007-ccabd7b8b04f--ru.31ec27ba-28fd-482e-b1b5-0dec92025757.jpg,4607058800239,109,608,862,466
376,images/e33b26d7-fd85-410d-ad02-dfd62e77c3e5--ru.1902c2f6-d9a6-4223-a0d0-6afd57ce6571.jpg,4607017265574,317,782,247,123
377,images/d3335271-b494-4ff5-9dbf-d58ffdfd24cf--ru.93cd1d2e-060e-45e5-833c-47be4963d7ae.jpg,4602358005544,185,289,436,251
378,images/9dc6e4cc-1ae6-4403-9223-8be4e45e006e--ru.8182bfc1-6062-4666-95f9-19018e43b29c.jpg,4600209014042,671,1053,205,132
379,images/d80c553f-8eea-4c75-8870-65cf26c71469--ru.d64c655e-5b1d-448a-bbe9-9aa4deea7a15.jpg,4601808000047,360,941,285,145
380,images/94e3b79d-f102-40f6-80a7-1cc044448bdb--ru.ff212910-d7e1-4b34-b102-6fd2c7f44e62.jpg,4604248002640,240,937,445,310
381,images/1c37e1fa-b1c8-4fea-9ba4-916c0d1580ba--ru.cb8daef9-6c7e-49df-8f44-33d2f44c1f2c.jpg,4670016720320,255,499,414,181
382,images/666c56eb-f1ff-4ba1-91d2-beeb0190f4d6--ru.0c3d1ad9-eb89-4b88-be85-f1cb1f15ef64.jpg,4604049012374,239,433,467,190
383,images/efe37a27-d013-43af-a718-96dafb2291be--ru.1bb5294d-afa4-44cd-81f9-1610d279bb6b.jpg,4600680013640,164,962,330,162
384,images/a3d1f66e-1ad7-42c3-8775-3809611f21fd--ru.187788f5-8348-4e7d-8a90-a3978c588e27.jpg,4607005090119,3,724,994,334
385,images/2449d95d-97fb-454b-94b8-8473fa1c36c3--ru.eefd9c5d-ee15-43e2-9f4d-aa7630cb8994.jpg,4650065524506,258,621,529,266
386,images/662f71f6-a60b-4245-bac7-7cb547d55df5--ru.c421ef90-9250-4b16-91fa-6c32bead65d9.jpg,4600682557456,185,642,438,262
387,images/818f55e6-0cf3-4df7-a3bb-b9d063d8e153--ru.101805e9-f3e4-42dc-80e6-3b49c4b9e911.jpg,4030969805053,501,430,393,207
388,images/5f8af61e-17df-4c7b-acb0-4d5205c5309c--ru.dda17be9-bbf5-404e-b2a2-3facfed0e40d.jpg,4605424008362,101,2023,1719,767
389,images/25a4f2ec-065a-42f1-a8a7-3921e052444a--ru.d869a0ef-3ff9-4b8b-b25e-4d706457f291.jpg,4601662003550,155,404,607,356
390,images/346f96cd-fe53-4dcd-b28c-55b58b5392b9--ru.043b8cea-061f-4dd3-9bcb-4113600e320c.jpg,7613037059694,326,730,380,246
391,images/38fd8888-76a7-4c35-a3e8-a9426555b4de--ru.6137a32c-1bb2-44c1-8dcf-49371c1dad64.jpg,4603290004817,252,765,442,205
392,images/e97ed90b-6c78-43ee-9d63-e145f65c1eb7--ru.e809dd6f-cd63-472d-8ba2-951a2f46b7fa.jpg,4607010731205,322,619,458,219
393,images/dec67ec5-edba-4f7f-8e86-80537c2f331f--ru.bafd5571-32f0-4b09-b6d3-8e990dd935fb.jpg,4690388109653,208,623,575,400
394,images/68a47d6d-916d-4f4c-9baa-089c69bd839a--ru.9b79bc59-29af-4049-b6e5-bf1cab59c1f2.jpg,4640001890031,203,587,515,276
395,images/20f8fedc-1409-4787-af1d-0e204d05ed0b--ru.4113646e-0d8e-450c-8c40-5c3cd8a18c40.jpg,4607065734091,79,432,676,427
396,images/b82ee7a5-1b56-4a72-baa7-9d76b9a1345b--ru.fd64cabd-f473-4925-b137-c73b13b14b8a.jpg,6931994206953,323,960,296,119
397,images/7a94d0e4-61d9-4a74-b7ad-6329fb34de8e--ru.17995c0d-720f-4b5e-bd55-60eb40bfa582.jpg,8717644144626,445,875,364,249
398,images/e41b666a-8eeb-441f-9e41-577f364af356--ru.c1437190-6288-4d71-a1a1-432f4708d429.jpg,4631145728441,337,677,365,184
399,images/221a287a-5727-43eb-b5c0-af9746669e49--ru.e46ac36b-cbda-47b5-b601-d5e0ebf67837.jpg,4607100622093,400,416,602,302
400,images/3a83373a-f943-48c0-b331-a9ed5fae3f2a--ru.e5c6c02d-e507-4714-b0aa-3449c25aed0c.jpg,4650062592492,278,884,368,231
401,images/77c7bd8d-bb64-4c4b-94c5-798a903eaa4d--ru.12f5929c-9d0e-49e5-9300-4aa2bd63bc51.jpg,4820240030508,173,657,589,293
402,images/bc1ca283-c4a1-4d5c-89d7-ba96ff0333bf--ru.cab1ee91-9e47-45e9-bddf-dbd0eaf965ca.jpg,4690228016806,231,1054,530,204
403,images/7dc810c2-a447-4159-8ac0-4b8d86ea2f86--ru.ec5f4ef7-f692-4383-9e4f-25e0180ef18a.jpg,4604852001206,483,3393,1921,804
404,images/96592587-bc94-45bf-8630-e861443af782--ru.4b6e0452-4b9b-41b1-925e-dd6344b6793c.jpg,9001414041130,204,833,568,253
405,images/cf37fb24-2f47-4805-a4fd-e5eda1d17ca7--ru.a966a8df-d95c-4c8e-91ca-6dc2c7e0ced3.jpg,4602723022817,281,399,368,212
406,images/efae6bce-9445-49f7-b09f-7918ce7d1a18--ru.3eb8a0e7-aed4-41e7-8d43-bd9fef6764e7.jpg,7613037491357,21,822,879,666
407,images/9dcaf979-4f4a-48e8-b32a-3cbbfa9ada8f--ru.363fa2a8-eb95-4ae8-93d4-97dddf4db7ed.jpg,4610141200984,144,390,824,665
408,images/8133e655-5bde-4799-bc03-c18cf966dfd8--ru.b25694bf-46f7-4aeb-a29c-ab55f8bc2df8.jpg,4607063424024,785,1071,929,623
409,images/f20f263b-3a99-451b-8f60-90a440a23b60--ru.26ef1722-bdc5-44ae-adfa-2a541c805eb2.jpg,4260107450535,330,510,455,168
410,images/b79b3a1c-3403-4a1a-9e0c-b33d8e2a2866--ru.45a7f970-dbb1-4a77-90cf-2f64e95386ae.jpg,4680003335062,134,444,491,218
411,images/02798fff-1662-4a67-a8aa-c82722f2f1e5--ru.818a1c7c-a1ec-4fa1-b1d0-0fb282450c79.jpg,4600778009036,396,854,345,120
412,images/08502ffc-7e1f-4f2f-ba47-116982dfefd2--ru.2bc834eb-b8f3-40ca-8ad3-a5d7640608b9.jpg,4600338002781,847,232,707,268
413,images/de621d54-ce08-4e02-b538-4a715e0e43ed--ru.4ab0b259-f8f1-4796-b0a0-abc76ec3e0df.jpg,4607131045298,6,222,958,584
414,images/3051eddf-281c-4fbd-8f3c-5d9b1fc7d14f--ru.db77bf01-101c-442e-88c6-7040bdb1c5a3.jpg,4605105132845,845,1230,730,584
415,images/9fff6b97-77e9-44cc-bc36-96cdd7954813--ru.b0c72e45-4289-4a1a-a6ed-a9ec2e46281c.jpg,8690506405083,241,382,547,333
416,images/d95e6dfd-2f83-4abe-a205-065c77eeccf0--ru.b34f84a2-83f9-42f4-9922-2714d6320550.jpg,4640001890031,1077,1954,1089,625
417,images/77c7bd8d-bb64-4c4b-94c5-798a903eaa4d--ru.12f5929c-9d0e-49e5-9300-4aa2bd63bc51.jpg,4820240030508,173,657,589,293
418,images/eb9b68b0-4ea5-42c3-95db-d24d90e5a622--ru.579adf62-88c6-4a7d-9ed9-28dd2e5e3fc5.jpg,4601669003911,581,381,287,146
419,images/d1f4f010-3a8a-405a-89a1-577384cf74d8--ru.1721d3ea-0b86-4f12-9f2a-5538651e0372.jpg,4690329005693,210,626,490,264
420,images/0ae0091b-aea7-4326-aa75-d9f54c5f9263--ru.fb3d4272-82fd-4ea1-b611-fa4ded6f612f.jpg,4607042434884,24,277,974,479
421,images/b3d93bae-fcd3-42b6-a951-a7cc4826a93d--ru.17fd1544-8fb8-487d-8ece-8f07d6998406.jpg,4607086630327,259,584,591,257
422,images/65dca88d-d2b6-4b81-8c78-bdb4f2519ab5--ru.f8af6d57-170f-45ab-b9fd-8737a9fcb1bc.jpg,4605898000604,408,430,491,175
423,images/4fc78381-e7a8-4f0f-b4b0-38ad7709923d--ru.3fb1a56d-da00-4edb-b5a4-80a04cc81207.jpg,3600542385237,445,296,405,256
424,images/bd9089d0-127b-4b35-a543-ac2035ce8c1d--ru.6e68aeed-508d-468f-b485-fe214919d678.jpg,4600433600325,86,635,441,260
425,images/d520a7ec-90e4-4ced-a649-3dc423227815--ru.540aae68-5cec-48c3-b802-e2b28701a5a7.jpg,4607016242460,263,974,462,210
426,images/22bb645a-5679-4b54-a39e-331757f6584b--ru.a821f20f-8b5c-4093-ba1d-196eced7407e.jpg,4601780016814,291,406,526,213
427,images/5193859d-d0ad-4058-aa08-4ad5fb0b238a--ru.dcf1e9ff-a490-4769-be96-4fe2c184e12c.jpg,4607004890147,1509,1325,967,503
428,images/3798cbfe-5f0e-4ab2-a31d-e37e9310a62b--ru.64f03ba0-4696-4520-8027-7f0f9863571e.jpg,4009737307068,312,715,401,274
429,images/3811eb7e-bb36-40ab-b42b-616ede97dbc1--ru.949d75d9-898e-4b5d-a498-622ec0145c83.jpg,4607163090228,168,857,382,290
430,images/4c829c02-2c6e-42c0-ab3b-c63ea595b76f--ru.4d7c446d-9f84-4de9-822b-4152c9619a5c.jpg,4600680009421,89,435,517,336
431,images/aeaf9f35-5865-463c-8ed0-6c01fcd5d4bc--ru.bfbcca81-b8d3-4686-8927-5ab7f2f8ba77.jpg,4690485102120,368,584,391,142
432,images/ad8b2630-6857-4478-8bbf-a70c37f3ac4a--ru.3ae4bb5b-e466-4548-9c13-fa9e71efc8a9.jpg,4870069001722,87,576,812,420
433,images/7ac53e30-c3d7-486d-b797-5adad7e07eb6--ru.50f2ed6c-a2d5-4f23-9949-979d6f90afb0.jpg,4680001220049,254,739,438,228
434,images/f5d1b581-6f6d-488e-93f3-c5e7d9bb0aba--ru.13eaa545-5e54-4281-b023-30fc2e9efe76.jpg,4606068219635,57,207,811,487
435,images/8dcb107f-5abc-4ab2-986e-8744cf50c996--ru.6c721c85-2825-458c-96d6-e89f0708e5e2.jpg,4630038960890,350,863,432,241
436,images/62f8d21e-7c61-47de-927a-595391edc722--ru.140f8702-3923-4a9a-8a60-1de5b5b52347.jpg,4607023234441,442,710,519,250
437,images/5193859d-d0ad-4058-aa08-4ad5fb0b238a--ru.dcf1e9ff-a490-4769-be96-4fe2c184e12c.jpg,4607004890147,1509,1325,967,503
438,images/5c778228-2212-4391-afdb-9efbe43e9ded--ru.dbd42a41-8248-4a74-9905-8ca6e6e53457.jpg,7613035181496,216,508,491,319
439,images/3e36e1ba-414b-4e79-93b7-ad043693b44f--ru.c07726d3-5083-4cc3-a4db-b51ccff817a3.jpg,4680019157405,350,534,315,162
440,images/4b7e1ba8-0c40-4b3d-9308-fce3da457a85--ru.5e1752ca-d653-4769-a943-81a44064327a.jpg,4607051794429,121,227,498,267
441,images/d80c553f-8eea-4c75-8870-65cf26c71469--ru.a3d45b59-fe5c-4ee1-a237-a2643740c7b5.jpg,4607051150201,504,1014,358,201
442,images/366ea7d1-037e-46f3-a298-eb01bc8750b9--ru.89ee94d3-de5a-4da0-8f4a-225ef12af2e7.jpg,4631152606862,126,750,407,238
443,images/91e6b74a-d92c-4e14-a11a-77d184a9e0a7--ru.a89de72e-e13c-4ae0-9160-7753ea2d269a.jpg,6970366738210,187,872,362,139
444,images/ae308878-5624-46c8-b724-0ec4e7475cd7--ru.5b625421-a140-4551-8f46-b4d8c1b082d1.jpg,3830029294008,175,857,594,328
445,images/f8d96e0f-cecc-47b6-aa89-ff49e7ae5ab2--ru.eefd235f-6d26-4d8c-9826-e3c666a90403.jpg,4607085860985,240,654,423,184
446,images/e9c864a2-07eb-4e22-8f66-677663843c76--ru.8b89eb2e-106d-424e-abae-7110f583ccdd.jpg,4607016243108,493,1031,446,195
447,images/21d54efd-618a-45c4-82eb-c7439411a638--ru.2c517684-de6b-484c-8f69-b8a7d16ec5e1.jpg,4620011583154,527,844,413,226
448,images/b16d815d-f0ea-477e-b5c7-b029157f6648--ru.f00cd14b-4c4c-495a-9f94-f18d61979195.jpg,4627136272772,137,269,729,493
449,images/8867d8ae-ea97-42e1-a0d2-5982c09f4e13--ru.02560de5-dd6b-44e8-817b-973fd14c1936.jpg,4607072715168,276,842,443,308
450,images/3eea7558-11a7-42a8-8428-e4bf14460ea1--ru.536740a0-349c-4521-b171-6d2a89814063.jpg,4601201056429,253,302,461,348
451,images/dc452dbe-f43c-49f0-8ce7-c9168fc7e25b--ru.2253ea73-5bb8-4fe1-bdec-958b514ee752.jpg,4015672107113,862,1611,1492,1049
452,images/77c7bd8d-bb64-4c4b-94c5-798a903eaa4d--ru.12f5929c-9d0e-49e5-9300-4aa2bd63bc51.jpg,4820240030508,173,657,589,293
453,images/d80c553f-8eea-4c75-8870-65cf26c71469--ru.9ba82aca-31d7-42ed-a2e3-b5f4aa276d9f.jpg,4630017840328,381,991,275,120
454,images/000e5549-1ed8-4a1a-b303-fc1aed948864--ru.d4fc32d7-12d0-40fc-a8c7-80c11e9ca143.jpg,4607023704821,154,448,601,234
455,images/20f78d7e-0bb6-42a3-8db4-e0f96cd9e657--ru.2885e37e-06da-48b7-b650-49811d299ae5.jpg,4602701303259,104,564,619,294
